id,created_at,text,truncated,user_id,user_name,user_screen_name,incident,location,local_time,latitude,longitude,
1094486379180871680,2019-02-10T06:41:02Z,DISTURBANCE - PRIORITY at 5100 BLOCK OF SE MILWAUKIE AVE  PORTLAND  OR [Portland Police #PP19000045685] 22:25 #pdx911,False,1602852614,Portland Police log,pdxpolicelog,DISTURBANCE - PRIORITY,5100 BLOCK OF SE MILWAUKIE AVE  PORTLAND  OR,22:25,45.4857867,-122.6497912,
1094634356029550592,2019-02-10T16:29:02Z,PREMISE CHECK at 3800 BLOCK OF NE MARTIN LUTHER KING JR BLVD  PORTLAND  OR [Portland Police #PP19000045917] 06:53 #pdx911,False,1602852614,Portland Police log,pdxpolicelog,PREMISE CHECK,3800 BLOCK OF NE MARTIN LUTHER KING JR BLVD  PORTLAND  OR,06:53,45.5501728,-122.6613977,
1094640393642098688,2019-02-10T16:53:01Z,DISTURBANCE - PRIORITY at NW 5TH AVE / NW GLISAN ST  PORTLAND  OR [Portland Police #PP19000045956] 08:47 #pdx911,False,1602852614,Portland Police log,pdxpolicelog,DISTURBANCE - PRIORITY,NW 5TH AVE / NW GLISAN ST  PORTLAND  OR,08:47,45.5266457,-122.6755044,
1094640394858487808,2019-02-10T16:53:02Z,UNWANTED PERSON at 100 BLOCK OF W BURNSIDE ST  PORTLAND  OR [Portland Police #PP19000045950] 08:38 #pdx911,False,1602852614,Portland Police log,pdxpolicelog,UNWANTED PERSON,100 BLOCK OF W BURNSIDE ST  PORTLAND  OR,08:38,45.52306249999999,-122.6714523,
1094640896266534917,2019-02-10T16:55:01Z,UNWANTED PERSON at 600 BLOCK OF NW IRVING ST  PORTLAND  OR [Portland Police #PP19000045937] 08:46 #pdx911,False,1602852614,Portland Police log,pdxpolicelog,UNWANTED PERSON,600 BLOCK OF NW IRVING ST  PORTLAND  OR,08:46,45.5280508,-122.6766323,
1094642912929886209,2019-02-10T17:03:02Z,DISTURBANCE - PRIORITY at 0 SW 2ND AVE  PORTLAND  OR [Portland Police #PP19000045957] 08:51 #pdx911,False,1602852614,Portland Police log,pdxpolicelog,DISTURBANCE - PRIORITY,0 SW 2ND AVE  PORTLAND  OR,08:51,45.5119976,-122.6777605,
1094649454647332865,2019-02-10T17:29:02Z,UNWANTED PERSON at 400 BLOCK OF NE 78TH AVE  PORTLAND  OR [Portland Police #PP19000045965] 09:15 #pdx911,False,1602852614,Portland Police log,pdxpolicelog,UNWANTED PERSON,400 BLOCK OF NE 78TH AVE  PORTLAND  OR,09:15,45.5256103,-122.5835185,
1094649958936936448,2019-02-10T17:31:02Z,ASSAULT - COLD at 1600 BLOCK OF SW ALDER ST  PORTLAND  OR [Portland Police #PP19000045947] 08:48 #pdx911,False,1602852614,Portland Police log,pdxpolicelog,ASSAULT - COLD,1600 BLOCK OF SW ALDER ST  PORTLAND  OR,08:48,45.52229089999999,-122.6877907,
1094650965104287744,2019-02-10T17:35:02Z,PARKING PROBLEM at 700 BLOCK OF SE 15TH AVE  PORTLAND  OR [Portland Police #PP19000045949] 08:51 #pdx911,False,1602852614,Portland Police log,pdxpolicelog,PARKING PROBLEM,700 BLOCK OF SE 15TH AVE  PORTLAND  OR,08:51,45.5178318,-122.6505955,
1094650965997740032,2019-02-10T17:35:02Z,PARKING PROBLEM at 6700 BLOCK OF NE RODNEY AVE  PORTLAND  OR [Portland Police #PP19000045946] 08:46 #pdx911,False,1602852614,Portland Police log,pdxpolicelog,PARKING PROBLEM,6700 BLOCK OF NE RODNEY AVE  PORTLAND  OR,08:46,45.57124760000001,-122.6640748,
1094652473929650176,2019-02-10T17:41:02Z,BURGLARY - COLD at 2100 BLOCK OF SE CLINTON ST  PORTLAND  OR [Portland Police #PP19000045940] 08:49 #pdx911,False,1602852614,Portland Police log,pdxpolicelog,BURGLARY - COLD,2100 BLOCK OF SE CLINTON ST  PORTLAND  OR,08:49,45.5032526,-122.6444737,
1094654741139750912,2019-02-10T17:50:02Z,THEFT - COLD at 8300 BLOCK OF NE SANDY BLVD  PORTLAND  OR [Portland Police #PP19000045941] 09:28 #pdx911,False,1602852614,Portland Police log,pdxpolicelog,THEFT - COLD,8300 BLOCK OF NE SANDY BLVD  PORTLAND  OR,09:28,45.5526808,-122.577789,
1094654742049902592,2019-02-10T17:50:02Z,VEHICLE STOLEN - COLD at 700 BLOCK OF SE 106TH AVE  PORTLAND  OR [Portland Police #PP19000045945] 09:23 #pdx911,False,1602852614,Portland Police log,pdxpolicelog,VEHICLE STOLEN - COLD,700 BLOCK OF SE 106TH AVE  PORTLAND  OR,09:23,45.5174573,-122.553672,
1094654742939090944,2019-02-10T17:50:03Z,ROBBERY - WITH WEAPON *H at 4200 BLOCK OF SE 82ND AVE  PORTLAND  OR [Portland Police #PP19000045938] 08:10 #pdx911,False,1602852614,Portland Police log,pdxpolicelog,ROBBERY - WITH WEAPON *H,4200 BLOCK OF SE 82ND AVE  PORTLAND  OR,08:10,45.49115339999999,-122.5747931,
1094654990424072192,2019-02-10T17:51:02Z,UNWANTED PERSON at 5800 BLOCK OF NE GLISAN ST  PORTLAND  OR [Portland Police #PP19000045982] 09:46 #pdx911,False,1602852614,Portland Police log,pdxpolicelog,UNWANTED PERSON,5800 BLOCK OF NE GLISAN ST  PORTLAND  OR,09:46,45.526499,-122.6042767,
1094654991367720960,2019-02-10T17:51:02Z,PARKING PROBLEM at 11800 BLOCK OF SE PINE ST  PORTLAND  OR [Portland Police #PP19000045958] 09:37 #pdx911,False,1602852614,Portland Police log,pdxpolicelog,PARKING PROBLEM,11800 BLOCK OF SE PINE ST  PORTLAND  OR,09:37,45.5201946,-122.5414448,
1094700542306050049,2019-02-10T20:52:02Z,SUSPICIOUS - WITH WEAPON *H at 11000 BLOCK OF N VANCOUVER WAY  PORTLAND  OR [Portland Police #PP19000046120] 12:29 #pdx911,False,1602852614,Portland Police log,pdxpolicelog,SUSPICIOUS - WITH WEAPON *H,11000 BLOCK OF N VANCOUVER WAY  PORTLAND  OR,12:29,45.6028683,-122.6781358,
1094701295196237826,2019-02-10T20:55:01Z,ASSAULT - COLD at 2500 BLOCK OF NE HOYT ST  PORTLAND  OR [Portland Police #PP19000046098] 12:13 #pdx911,False,1602852614,Portland Police log,pdxpolicelog,ASSAULT - COLD,2500 BLOCK OF NE HOYT ST  PORTLAND  OR,12:13,45.5266493,-122.6404328,
1094702554624061446,2019-02-10T21:00:02Z,DISTURBANCE - PRIORITY at 11400 BLOCK OF SE HARRISON ST  PORTLAND  OR [Portland Police #PP19000046129] 12:40 #pdx911,False,1602852614,Portland Police log,pdxpolicelog,DISTURBANCE - PRIORITY,11400 BLOCK OF SE HARRISON ST  PORTLAND  OR,12:40,45.5087707,-122.545537,
1094702555576201217,2019-02-10T21:00:02Z,VEHICLE STOLEN - COLD at 6400 BLOCK OF SE 63RD AVE  PORTLAND  OR [Portland Police #PP19000046014] 10:36 #pdx911,False,1602852614,Portland Police log,pdxpolicelog,VEHICLE STOLEN - COLD,6400 BLOCK OF SE 63RD AVE  PORTLAND  OR,10:36,45.4766173,-122.5980518,
1094704316558991360,2019-02-10T21:07:02Z,DISTURBANCE - PRIORITY at 3300 BLOCK OF SE 9TH AVE  PORTLAND  OR [Portland Police #PP19000046131] 12:51 #pdx911,False,1602852614,Portland Police log,pdxpolicelog,DISTURBANCE - PRIORITY,3300 BLOCK OF SE 9TH AVE  PORTLAND  OR,12:51,45.4996662,-122.6568047,
1094706834638684160,2019-02-10T21:17:02Z,UNWANTED PERSON at 3000 BLOCK OF NE SANDY BLVD  PORTLAND  OR [Portland Police #PP19000046140] 13:02 #pdx911,False,1602852614,Portland Police log,pdxpolicelog,UNWANTED PERSON,3000 BLOCK OF NE SANDY BLVD  PORTLAND  OR,13:02,45.530151,-122.6346034,
1094707338013884416,2019-02-10T21:19:02Z,PREMISE CHECK at 16200 BLOCK OF SE MARKET ST  PORTLAND  OR [Portland Police #PP19000046137] 12:57 #pdx911,False,1602852614,Portland Police log,pdxpolicelog,PREMISE CHECK,16200 BLOCK OF SE MARKET ST  PORTLAND  OR,12:57,45.5122985,-122.4964896,
1094707338924089344,2019-02-10T21:19:02Z,THEFT - PRIORITY at 10000 BLOCK OF NE HALSEY ST  PORTLAND  OR [Portland Police #PP19000046135] 12:54 #pdx911,False,1602852614,Portland Police log,pdxpolicelog,THEFT - PRIORITY,10000 BLOCK OF NE HALSEY ST  PORTLAND  OR,12:54,45.5332439,-122.5605294,
1094713628714921985,2019-02-10T21:44:02Z,SUSPICIOUS SUBJ  VEH  OR CIRCUMSTANCE at N FLINT AVE / N RUSSELL ST  PORTLAND  OR [Portland Police #PP19000046160] 13:31 #pdx911,False,1602852614,Portland Police log,pdxpolicelog,SUSPICIOUS SUBJ  VEH  OR CIRCUMSTANCE,N FLINT AVE / N RUSSELL ST  PORTLAND  OR,13:31,45.541037,-122.6687076,
1094714381663752192,2019-02-10T21:47:02Z,DISTURBANCE - PRIORITY at 9100 BLOCK OF N BURR AVE  PORTLAND  OR [Portland Police #PP19000046144] 13:04 #pdx911,False,1602852614,Portland Police log,pdxpolicelog,DISTURBANCE - PRIORITY,9100 BLOCK OF N BURR AVE  PORTLAND  OR,13:04,45.5902464,-122.7403507,
1094715890489147392,2019-02-10T21:53:01Z,THREAT - PRIORITY at 10300 BLOCK OF NE OREGON ST  PORTLAND  OR [Portland Police #PP19000046155] 13:27 #pdx911,False,1602852614,Portland Police log,pdxpolicelog,THREAT - PRIORITY,10300 BLOCK OF NE OREGON ST  PORTLAND  OR,13:27,45.52793459999999,-122.5567907,
1094716647477194752,2019-02-10T21:56:02Z,SUSPICIOUS SUBJ  VEH  OR CIRCUMSTANCE at 10800 BLOCK OF NE HOLMAN ST  PORTLAND  OR [Portland Police #PP19000046149] 13:13 #pdx911,False,1602852614,Portland Police log,pdxpolicelog,SUSPICIOUS SUBJ  VEH  OR CIRCUMSTANCE,10800 BLOCK OF NE HOLMAN ST  PORTLAND  OR,13:13,45.5678431,-122.5513552,
1094718410720563205,2019-02-10T22:03:02Z,DISTURBANCE - PRIORITY at 3900 BLOCK OF SE 134TH AVE  PORTLAND  OR [Portland Police #PP19000046148] 13:09 #pdx911,False,1602852614,Portland Police log,pdxpolicelog,DISTURBANCE - PRIORITY,3900 BLOCK OF SE 134TH AVE  PORTLAND  OR,13:09,45.4940636,-122.5252294,
1094718411693641728,2019-02-10T22:03:02Z,BURGLARY - COLD at 10900 BLOCK OF SW 53RD AVE  PORTLAND  OR [Portland Police #PP19000046010] 12:02 #pdx911,False,1602852614,Portland Police log,pdxpolicelog,BURGLARY - COLD,10900 BLOCK OF SW 53RD AVE  PORTLAND  OR,12:02,45.4470244,-122.7307176,
1094720423109918720,2019-02-10T22:11:02Z,AREA CHECK at 2300 BLOCK OF NW WESTOVER RD  PORTLAND  OR [Portland Police #PP19000046169] 13:47 #pdx911,False,1602852614,Portland Police log,pdxpolicelog,AREA CHECK,2300 BLOCK OF NW WESTOVER RD  PORTLAND  OR,13:47,45.5240492,-122.6984199,
1094720424024240128,2019-02-10T22:11:02Z,ASSAULT - PRIORITY at NE 122ND AVE / NE GLISAN ST  PORTLAND  OR [Portland Police #PP19000046168] 13:47 #pdx911,False,1602852614,Portland Police log,pdxpolicelog,ASSAULT - PRIORITY,NE 122ND AVE / NE GLISAN ST  PORTLAND  OR,13:47,45.5262918,-122.5377514,
1094720925243564033,2019-02-10T22:13:02Z,SUSPICIOUS SUBJ  VEH  OR CIRCUMSTANCE at NE 85TH AVE / NE BEYRL TER  PORTLAND  OR [Portland Police #PP19000046161] 13:50 #pdx911,False,1602852614,Portland Police log,pdxpolicelog,SUSPICIOUS SUBJ  VEH  OR CIRCUMSTANCE,NE 85TH AVE / NE BEYRL TER  PORTLAND  OR,13:50,45.5252675,-122.5759806,
1094723443923116032,2019-02-10T22:23:02Z,DISTURBANCE - PRIORITY at 600 BLOCK OF SE 119TH AVE  PORTLAND  OR [Portland Police #PP19000046170] 13:51 #pdx911,False,1602852614,Portland Police log,pdxpolicelog,DISTURBANCE - PRIORITY,600 BLOCK OF SE 119TH AVE  PORTLAND  OR,13:51,45.5182519,-122.5402956,
1094724447687213056,2019-02-10T22:27:01Z,SUSPICIOUS - WITH WEAPON *H at SE DIVISION ST / SE 162ND AVE  PORTLAND  OR [Portland Police #PP19000046203] 14:18 #pdx911,False,1602852614,Portland Police log,pdxpolicelog,SUSPICIOUS - WITH WEAPON *H,SE DIVISION ST / SE 162ND AVE  PORTLAND  OR,14:18,45.50456339999999,-122.4966388,
1094724951699943425,2019-02-10T22:29:02Z,THEFT - COLD at 2100 BLOCK OF NW RALEIGH ST  PORTLAND  OR [Portland Police #PP19000046136] 13:28 #pdx911,False,1602852614,Portland Police log,pdxpolicelog,THEFT - COLD,2100 BLOCK OF NW RALEIGH ST  PORTLAND  OR,13:28,45.5341398,-122.6947064,
1094725455402291200,2019-02-10T22:31:02Z,THEFT - COLD at 8100 BLOCK OF SE POWELL BLVD  PORTLAND  OR [Portland Police #PP19000046105] 13:28 #pdx911,False,1602852614,Portland Police log,pdxpolicelog,THEFT - COLD,8100 BLOCK OF SE POWELL BLVD  PORTLAND  OR,13:28,45.497412,-122.5799665,
1094725959402500096,2019-02-10T22:33:02Z,THEFT - PRIORITY at 1500 BLOCK OF N GOING ST  PORTLAND  OR [Portland Police #PP19000046193] 14:10 #pdx911,False,1602852614,Portland Police log,pdxpolicelog,THEFT - PRIORITY,1500 BLOCK OF N GOING ST  PORTLAND  OR,14:10,45.5560983,-122.6824107,
1094727469452558336,2019-02-10T22:39:02Z,ACCIDENT - NON INJURY at 3400 BLOCK OF SE CLINTON ST  PORTLAND  OR [Portland Police #PP19000046191] 14:27 #pdx911,False,1602852614,Portland Police log,pdxpolicelog,ACCIDENT - NON INJURY,3400 BLOCK OF SE CLINTON ST  PORTLAND  OR,14:27,45.5033456,-122.6294313,
1094728476752396288,2019-02-10T22:43:02Z,UNWANTED PERSON at 16100 BLOCK OF SE ALDER ST  PORTLAND  OR [Portland Police #PP19000046205] 14:27 #pdx911,False,1602852614,Portland Police log,pdxpolicelog,UNWANTED PERSON,16100 BLOCK OF SE ALDER ST  PORTLAND  OR,14:27,45.5169243,-122.4975373,
1094728979074867200,2019-02-10T22:45:02Z,THREAT - PRIORITY at 1800 BLOCK OF W BURNSIDE ST  PORTLAND  OR [Portland Police #PP19000046208] 14:28 #pdx911,False,1602852614,Portland Police log,pdxpolicelog,THREAT - PRIORITY,1800 BLOCK OF W BURNSIDE ST  PORTLAND  OR,14:28,45.52297009999999,-122.6892098,
1094728980031201280,2019-02-10T22:45:02Z,UNWANTED PERSON at 500 BLOCK OF SW 10TH AVE  PORTLAND  OR [Portland Police #PP19000046188] 14:21 #pdx911,False,1602852614,Portland Police log,pdxpolicelog,UNWANTED PERSON,500 BLOCK OF SW 10TH AVE  PORTLAND  OR,14:21,45.5213354,-122.6813729,
1094729481908932608,2019-02-10T22:47:02Z,UNWANTED PERSON at 6400 BLOCK OF N INTERSTATE AVE  PORTLAND  OR [Portland Police #PP19000046209] 14:29 #pdx911,False,1602852614,Portland Police log,pdxpolicelog,UNWANTED PERSON,6400 BLOCK OF N INTERSTATE AVE  PORTLAND  OR,14:29,45.5687825,-122.6817232,
1094729983455518721,2019-02-10T22:49:01Z,ACCIDENT - HIT &amp; RUN - PRIORITY at 0 SE 28TH AVE  PORTLAND  OR [Portland Police #PP19000046204] 14:22 #pdx911,False,1602852614,Portland Police log,pdxpolicelog,ACCIDENT - HIT &amp; RUN - PRIORITY,0 SE 28TH AVE  PORTLAND  OR,14:22,45.5224431,-122.6371426,
1094730993464836096,2019-02-10T22:53:02Z,VEHICLE STOLEN - COLD at 7000 BLOCK OF SW GARDEN HOME RD  PORTLAND  OR [Portland Police #PP19000046184] 14:04 #pdx911,False,1602852614,Portland Police log,pdxpolicelog,VEHICLE STOLEN - COLD,7000 BLOCK OF SW GARDEN HOME RD  PORTLAND  OR,14:04,45.465443,-122.7489079,
1094730994400223232,2019-02-10T22:53:02Z,THREAT - PRIORITY at 3600 BLOCK OF NE 162ND AVE  PORTLAND  OR [Portland Police #PP19000046154] 13:15 #pdx911,False,1602852614,Portland Police log,pdxpolicelog,THREAT - PRIORITY,3600 BLOCK OF NE 162ND AVE  PORTLAND  OR,13:15,45.5480657,-122.4956558,
1094731493933379584,2019-02-10T22:55:01Z,THEFT - COLD at 4600 BLOCK OF SW BUDDINGTON ST  PORTLAND  OR [Portland Police #PP19000046153] 14:01 #pdx911,False,1602852614,Portland Police log,pdxpolicelog,THEFT - COLD,4600 BLOCK OF SW BUDDINGTON ST  PORTLAND  OR,14:01,45.44302829999999,-122.7241149,
1094733509493633024,2019-02-10T23:03:02Z,DISTURBANCE - PRIORITY at 6600 BLOCK OF N LOMBARD ST  PORTLAND  OR [Portland Police #PP19000046221] 14:49 #pdx911,False,1602852614,Portland Police log,pdxpolicelog,DISTURBANCE - PRIORITY,6600 BLOCK OF N LOMBARD ST  PORTLAND  OR,14:49,45.58597760000001,-122.7343577,
1094734013154045952,2019-02-10T23:05:02Z,VANDALISM - COLD at 13600 BLOCK OF SE POWELL BLVD  PORTLAND  OR [Portland Police #PP19000046141] 14:25 #pdx911,False,1602852614,Portland Police log,pdxpolicelog,VANDALISM - COLD,13600 BLOCK OF SE POWELL BLVD  PORTLAND  OR,14:25,45.4976314,-122.5234577,
1094735018583183360,2019-02-10T23:09:02Z,UNWANTED PERSON at 500 BLOCK OF NW BROADWAY   PORTLAND  OR [Portland Police #PP19000046216] 14:58 #pdx911,False,1602852614,Portland Police log,pdxpolicelog,UNWANTED PERSON,500 BLOCK OF NW BROADWAY   PORTLAND  OR,14:58,45.5266187,-122.677547,
1094735019644342274,2019-02-10T23:09:02Z,ROBBERY - PRIORITY *H at 1400 BLOCK OF N TOMAHAWK ISLAND DR  PORTLAND  OR [Portland Police #PP19000046222] 14:50 #pdx911,False,1602852614,Portland Police log,pdxpolicelog,ROBBERY - PRIORITY *H,1400 BLOCK OF N TOMAHAWK ISLAND DR  PORTLAND  OR,14:50,45.611758,-122.6826888,
1094735020562890752,2019-02-10T23:09:02Z,THEFT - COLD at 7500 BLOCK OF N INTERSTATE AVE  PORTLAND  OR [Portland Police #PP19000046200] 14:20 #pdx911,False,1602852614,Portland Police log,pdxpolicelog,THEFT - COLD,7500 BLOCK OF N INTERSTATE AVE  PORTLAND  OR,14:20,45.577139,-122.6819603,
1094735520104558592,2019-02-10T23:11:01Z,THREAT - COLD at 4200 BLOCK OF SE BELMONT ST  PORTLAND  OR [Portland Police #PP19000046210] 14:45 #pdx911,False,1602852614,Portland Police log,pdxpolicelog,THREAT - COLD,4200 BLOCK OF SE BELMONT ST  PORTLAND  OR,14:45,45.516569,-122.6193988,
1094737034118258690,2019-02-10T23:17:02Z,THREAT - WITH WEAPON *H at SE YAMHILL ST / SE 35TH AVE  PORTLAND  OR [Portland Police #PP19000046126] 12:34 #pdx911,False,1602852614,Portland Police log,pdxpolicelog,THREAT - WITH WEAPON *H,SE YAMHILL ST / SE 35TH AVE  PORTLAND  OR,12:34,45.51573519999999,-122.6282001,
1094737533815074816,2019-02-10T23:19:01Z,UNWANTED PERSON at 4700 BLOCK OF N CHANNEL AVE  PORTLAND  OR [Portland Police #PP19000046226] 14:54 #pdx911,False,1602852614,Portland Police log,pdxpolicelog,UNWANTED PERSON,4700 BLOCK OF N CHANNEL AVE  PORTLAND  OR,14:54,45.5603355,-122.7117908,
1094737537694715904,2019-02-10T23:19:02Z,SUSPICIOUS SUBJ  VEH  OR CIRCUMSTANCE at DEAD END / N SUTTLE RD  PORTLAND  OR [Portland Police #PP19000046116] 12:24 #pdx911,False,1602852614,Portland Police log,pdxpolicelog,SUSPICIOUS SUBJ  VEH  OR CIRCUMSTANCE,DEAD END / N SUTTLE RD  PORTLAND  OR,12:24,45.615044,-122.7120696,
1094738037714563073,2019-02-10T23:21:02Z,DISTURBANCE - PRIORITY at 4400 BLOCK OF SE 92ND AVE  PORTLAND  OR [Portland Police #PP19000046220] 14:48 #pdx911,False,1602852614,Portland Police log,pdxpolicelog,DISTURBANCE - PRIORITY,4400 BLOCK OF SE 92ND AVE  PORTLAND  OR,14:48,45.4904696,-122.5684278,
1094740553680355328,2019-02-10T23:31:01Z,TRIMET INCIDENT - COLD at 11100 BLOCK OF N EXPO RD  PORTLAND  OR [Portland Police #PP19000046152] 13:53 #pdx911,False,1602852614,Portland Police log,pdxpolicelog,TRIMET INCIDENT - COLD,11100 BLOCK OF N EXPO RD  PORTLAND  OR,13:53,45.5976973,-122.6853874,
1094740555416842240,2019-02-10T23:31:02Z,RT @pdxpolicelog: TRIMET INCIDENT - COLD at 11100 BLOCK OF N EXPO RD  PORTLAND  OR [Portland Police #PP19000046152] 13:53 #pdx911,False,603958580,TriMet Scanner,trimetscanner,RT @pdxpolicelog: TRIMET INCIDENT - COLD,11100 BLOCK OF N EXPO RD  PORTLAND  OR,13:53,45.5976973,-122.6853874,
1094741059299491842,2019-02-10T23:33:02Z,THEFT - PRIORITY at 3400 BLOCK OF N WILLIAMS AVE  PORTLAND  OR [Portland Police #PP19000046164] 13:40 #pdx911,False,1602852614,Portland Police log,pdxpolicelog,THEFT - PRIORITY,3400 BLOCK OF N WILLIAMS AVE  PORTLAND  OR,13:40,45.5474937,-122.6667198,
1094741565061312512,2019-02-10T23:35:03Z,DISTURBANCE - PRIORITY at N LOMBARD ST / N BRUCE AVE  PORTLAND  OR [Portland Police #PP19000046227] 14:59 #pdx911,False,1602852614,Portland Police log,pdxpolicelog,DISTURBANCE - PRIORITY,N LOMBARD ST / N BRUCE AVE  PORTLAND  OR,14:59,45.60116350000001,-122.7631494,
1094742064779059200,2019-02-10T23:37:02Z,SUSPICIOUS SUBJ  VEH  OR CIRCUMSTANCE at 9400 BLOCK OF N TRUMBULL AVE  PORTLAND  OR [Portland Police #PP19000046206] 15:30 #pdx911,False,1602852614,Portland Police log,pdxpolicelog,SUSPICIOUS SUBJ  VEH  OR CIRCUMSTANCE,9400 BLOCK OF N TRUMBULL AVE  PORTLAND  OR,15:30,45.5969767,-122.7526155,
1094742065685061632,2019-02-10T23:37:02Z,DISTURBANCE - PRIORITY at 12800 BLOCK OF SE BUSH ST  PORTLAND  OR [Portland Police #PP19000046199] 14:13 #pdx911,False,1602852614,Portland Police log,pdxpolicelog,DISTURBANCE - PRIORITY,12800 BLOCK OF SE BUSH ST  PORTLAND  OR,14:13,45.4941604,-122.531562,
1094742569995534337,2019-02-10T23:39:02Z,DISTURBANCE - PRIORITY at 5800 BLOCK OF E BURNSIDE ST  PORTLAND  OR [Portland Police #PP19000046233] 15:09 #pdx911,False,1602852614,Portland Police log,pdxpolicelog,DISTURBANCE - PRIORITY,5800 BLOCK OF E BURNSIDE ST  PORTLAND  OR,15:09,45.5226806,-122.603991,
1094743322747228160,2019-02-10T23:42:02Z,BURGLARY - COLD at 9100 BLOCK OF SE DUKE ST  PORTLAND  OR [Portland Police #PP19000046189] 14:24 #pdx911,False,1602852614,Portland Police log,pdxpolicelog,BURGLARY - COLD,9100 BLOCK OF SE DUKE ST  PORTLAND  OR,14:24,45.4756265,-122.5696603,
1094744581520801792,2019-02-10T23:47:02Z,THEFT - COLD at 900 BLOCK OF  LLOYD CENTER   PORTLAND  OR [Portland Police #PP19000046197] 15:36 #pdx911,False,1602852614,Portland Police log,pdxpolicelog,THEFT - COLD,900 BLOCK OF  LLOYD CENTER   PORTLAND  OR,15:36,45.5314866,-122.6545954,
1094744582514851840,2019-02-10T23:47:02Z,UNWANTED PERSON at 1400 BLOCK OF N LOMBARD ST  PORTLAND  OR [Portland Police #PP19000046252] 15:32 #pdx911,False,1602852614,Portland Police log,pdxpolicelog,UNWANTED PERSON,1400 BLOCK OF N LOMBARD ST  PORTLAND  OR,15:32,45.5771546,-122.6807744,
1094744583508905985,2019-02-10T23:47:02Z,ASSAULT - PRIORITY at 100 BLOCK OF SW 2ND AVE  PORTLAND  OR [Portland Police #PP19000046248] 15:31 #pdx911,False,1602852614,Portland Police log,pdxpolicelog,ASSAULT - PRIORITY,100 BLOCK OF SW 2ND AVE  PORTLAND  OR,15:31,45.5220178,-122.6723937,
1094745087580397568,2019-02-10T23:49:02Z,SUSPICIOUS - PRIORITY at 2500 BLOCK OF NW 25TH PL  PORTLAND  OR [Portland Police #PP19000046253] 15:34 #pdx911,False,1602852614,Portland Police log,pdxpolicelog,SUSPICIOUS - PRIORITY,2500 BLOCK OF NW 25TH PL  PORTLAND  OR,15:34,45.5403184,-122.7039259,
1094745088503177216,2019-02-10T23:49:03Z,ASSAULT - PRIORITY at 9900 BLOCK OF SE WASHINGTON ST  PORTLAND  OR [Portland Police #PP19000046250] 15:31 #pdx911,False,1602852614,Portland Police log,pdxpolicelog,ASSAULT - PRIORITY,9900 BLOCK OF SE WASHINGTON ST  PORTLAND  OR,15:31,45.5180121,-122.5611975,
1094745588548005888,2019-02-10T23:51:02Z,PREMISE CHECK at 300 BLOCK OF NW 4TH AVE  PORTLAND  OR [Portland Police #PP19000046219] 14:45 #pdx911,False,1602852614,Portland Police log,pdxpolicelog,PREMISE CHECK,300 BLOCK OF NW 4TH AVE  PORTLAND  OR,14:45,45.52524589999999,-122.6744748,
1094746595000692736,2019-02-10T23:55:02Z,SUSPICIOUS SUBJ  VEH  OR CIRCUMSTANCE at 12600 BLOCK OF SE STARK ST  PORTLAND  OR [Portland Police #PP19000046251] 15:47 #pdx911,False,1602852614,Portland Police log,pdxpolicelog,SUSPICIOUS SUBJ  VEH  OR CIRCUMSTANCE,12600 BLOCK OF SE STARK ST  PORTLAND  OR,15:47,45.5189494,-122.5337111,
1094747099965472768,2019-02-10T23:57:02Z,HAZARD - HAZARDOUS CONDITION at 5500 BLOCK OF SE 140TH PL  PORTLAND  OR [Portland Police #PP19000046181] 15:53 #pdx911,False,1602852614,Portland Police log,pdxpolicelog,HAZARD - HAZARDOUS CONDITION,5500 BLOCK OF SE 140TH PL  PORTLAND  OR,15:53,45.4831776,-122.5186243,
1094747599691599877,2019-02-10T23:59:01Z,UNWANTED PERSON at 1400 BLOCK OF SE ALDER ST  PORTLAND  OR [Portland Police #PP19000046186] 14:47 #pdx911,False,1602852614,Portland Police log,pdxpolicelog,UNWANTED PERSON,1400 BLOCK OF SE ALDER ST  PORTLAND  OR,14:47,45.5179117,-122.6515911,
1094748103918288896,2019-02-11T00:01:02Z,AREA CHECK at 14300 BLOCK OF SE REEDWAY ST  PORTLAND  OR [Portland Police #PP19000046195] 15:57 #pdx911,False,1602852614,Portland Police log,pdxpolicelog,AREA CHECK,14300 BLOCK OF SE REEDWAY ST  PORTLAND  OR,15:57,45.4809759,-122.5157728,
1094748105600159744,2019-02-11T00:01:02Z,AREA CHECK at NE FARGO ST / NE 103RD PL  PORTLAND  OR [Portland Police #PP19000046244] 15:46 #pdx911,False,1602852614,Portland Police log,pdxpolicelog,AREA CHECK,NE FARGO ST / NE 103RD PL  PORTLAND  OR,15:46,45.5456146,-122.5565175,
1094748106493587456,2019-02-11T00:01:02Z,TRIMET INCIDENT - COLD at 8300 BLOCK OF SE MCLOUGHLIN BLVD  PORTLAND  OR [Portland Police #PP19000046247] 15:29 #pdx911,False,1602852614,Portland Police log,pdxpolicelog,TRIMET INCIDENT - COLD,8300 BLOCK OF SE MCLOUGHLIN BLVD  PORTLAND  OR,15:29,45.462642,-122.637689,
1094748108263575553,2019-02-11T00:01:03Z,RT @pdxpolicelog: TRIMET INCIDENT - COLD at 8300 BLOCK OF SE MCLOUGHLIN BLVD  PORTLAND  OR [Portland Police #PP19000046247] 15:29 #pdx911,False,603958580,TriMet Scanner,trimetscanner,RT @pdxpolicelog: TRIMET INCIDENT - COLD,8300 BLOCK OF SE MCLOUGHLIN BLVD  PORTLAND  OR,15:29,45.462642,-122.637689,
1094750621771608064,2019-02-11T00:11:02Z,DISTURBANCE - PRIORITY at 10300 BLOCK OF NE OREGON ST  PORTLAND  OR [Portland Police #PP19000046235] 15:19 #pdx911,False,1602852614,Portland Police log,pdxpolicelog,DISTURBANCE - PRIORITY,10300 BLOCK OF NE OREGON ST  PORTLAND  OR,15:19,45.52793459999999,-122.5567907,
1094751125968834560,2019-02-11T00:13:02Z,SUSPICIOUS SUBJ  VEH  OR CIRCUMSTANCE at 10100 BLOCK OF SE WASHINGTON ST  PORTLAND  OR [Portland Police #PP19000046265] 16:04 #pdx911,False,1602852614,Portland Police log,pdxpolicelog,SUSPICIOUS SUBJ  VEH  OR CIRCUMSTANCE,10100 BLOCK OF SE WASHINGTON ST  PORTLAND  OR,16:04,45.518327,-122.5595073,
1094751629918662656,2019-02-11T00:15:02Z,THREAT - WITH WEAPON *H at 1300 BLOCK OF NW LOVEJOY ST  PORTLAND  OR [Portland Police #PP19000046262] 15:48 #pdx911,False,1602852614,Portland Police log,pdxpolicelog,THREAT - WITH WEAPON *H,1300 BLOCK OF NW LOVEJOY ST  PORTLAND  OR,15:48,45.5298318,-122.684672,
1094755151108235264,2019-02-11T00:29:02Z,UNWANTED PERSON at 6500 BLOCK OF N MARYLAND AVE  PORTLAND  OR [Portland Police #PP19000046278] 16:21 #pdx911,False,1602852614,Portland Police log,pdxpolicelog,UNWANTED PERSON,6500 BLOCK OF N MARYLAND AVE  PORTLAND  OR,16:21,45.5699087,-122.6809669,
1094755152018399233,2019-02-11T00:29:02Z,DISTURBANCE - PRIORITY at 500 BLOCK OF SE GRAND AVE  PORTLAND  OR [Portland Police #PP19000046267] 15:50 #pdx911,False,1602852614,Portland Police log,pdxpolicelog,DISTURBANCE - PRIORITY,500 BLOCK OF SE GRAND AVE  PORTLAND  OR,15:50,45.5193689,-122.6607435,
1094755656295313408,2019-02-11T00:31:02Z,DISTURBANCE - WITH WEAPON *H at 10300 BLOCK OF SE 82ND AVE  CLACKAMAS COUNTY  OR [Portland Police #PP19000046254] 15:38 #pdx911,False,1602852614,Portland Police log,pdxpolicelog,DISTURBANCE - WITH WEAPON *H,10300 BLOCK OF SE 82ND AVE  CLACKAMAS COUNTY  OR,15:38,45.4485192,-122.5789656,
1094756158366076931,2019-02-11T00:33:02Z,VEHICLE STOLEN - COLD at 15000 BLOCK OF SE GLADSTONE DR  PORTLAND  OR [Portland Police #PP19000046228] 15:03 #pdx911,False,1602852614,Portland Police log,pdxpolicelog,VEHICLE STOLEN - COLD,15000 BLOCK OF SE GLADSTONE DR  PORTLAND  OR,15:03,45.4931285,-122.5076474,
1094758674503888896,2019-02-11T00:43:02Z,UNWANTED PERSON at 1500 BLOCK OF N GOING ST  PORTLAND  OR [Portland Police #PP19000046282] 16:37 #pdx911,False,1602852614,Portland Police log,pdxpolicelog,UNWANTED PERSON,1500 BLOCK OF N GOING ST  PORTLAND  OR,16:37,45.5560983,-122.6824107,
1094759682198011906,2019-02-11T00:47:02Z,PARKING PROBLEM at 2200 BLOCK OF SE SALMON ST  PORTLAND  OR [Portland Police #PP19000046243] 16:32 #pdx911,False,1602852614,Portland Police log,pdxpolicelog,PARKING PROBLEM,2200 BLOCK OF SE SALMON ST  PORTLAND  OR,16:32,45.5141055,-122.6433183,
1094760185699000321,2019-02-11T00:49:02Z,SUSPICIOUS - WITH WEAPON *H at SE DIVISION ST / SE 18TH AVE  PORTLAND  OR [Portland Police #PP19000046238] 15:15 #pdx911,False,1602852614,Portland Police log,pdxpolicelog,SUSPICIOUS - WITH WEAPON *H,SE DIVISION ST / SE 18TH AVE  PORTLAND  OR,15:15,45.5048314,-122.6476539,
1094762196364447744,2019-02-11T00:57:01Z,THEFT - PRIORITY at 1100 BLOCK OF N HAYDEN MEADOWS DR  PORTLAND  OR [Portland Police #PP19000046234] 16:52 #pdx911,False,1602852614,Portland Police log,pdxpolicelog,THEFT - PRIORITY,1100 BLOCK OF N HAYDEN MEADOWS DR  PORTLAND  OR,16:52,45.596002,-122.6774367,
1094763201797877761,2019-02-11T01:01:01Z,THEFT - COLD at 4900 BLOCK OF SE BYBEE BLVD  PORTLAND  OR [Portland Police #PP19000046027] 16:35 #pdx911,False,1602852614,Portland Police log,pdxpolicelog,THEFT - COLD,4900 BLOCK OF SE BYBEE BLVD  PORTLAND  OR,16:35,45.4723948,-122.6127447,
1094763205392457729,2019-02-11T01:01:02Z,THREAT - PRIORITY at 800 BLOCK OF NE 68TH AVE  PORTLAND  OR [Portland Police #PP19000046261] 15:46 #pdx911,False,1602852614,Portland Police log,pdxpolicelog,THREAT - PRIORITY,800 BLOCK OF NE 68TH AVE  PORTLAND  OR,15:46,45.5282329,-122.5934456,
1094763708763463680,2019-02-11T01:03:02Z,SUSPICIOUS SUBJ  VEH  OR CIRCUMSTANCE at N AINSWORTH ST / N MISSOURI AVE  PORTLAND  OR [Portland Police #PP19000046296] 16:46 #pdx911,False,1602852614,Portland Police log,pdxpolicelog,SUSPICIOUS SUBJ  VEH  OR CIRCUMSTANCE,N AINSWORTH ST / N MISSOURI AVE  PORTLAND  OR,16:46,45.566396,-122.6781146,
1094763709761646592,2019-02-11T01:03:02Z,DISTURBANCE - PRIORITY at 6200 BLOCK OF SW POMONA ST  PORTLAND  OR [Portland Police #PP19000046245] 15:28 #pdx911,False,1602852614,Portland Police log,pdxpolicelog,DISTURBANCE - PRIORITY,6200 BLOCK OF SW POMONA ST  PORTLAND  OR,15:28,45.4450843,-122.7406164,
1094764715274756097,2019-02-11T01:07:02Z,VEHICLE STOLEN - COLD at NW 17TH AVE / NW OVERTON ST  PORTLAND  OR [Portland Police #PP19000046183] 13:58 #pdx911,False,1602852614,Portland Police log,pdxpolicelog,VEHICLE STOLEN - COLD,NW 17TH AVE / NW OVERTON ST  PORTLAND  OR,13:58,45.53210809999999,-122.6885477,
1094765218813566977,2019-02-11T01:09:02Z,UNWANTED PERSON at 7700 BLOCK OF SE 92ND AVE  PORTLAND  OR [Portland Police #PP19000046284] 16:42 #pdx911,False,1602852614,Portland Police log,pdxpolicelog,UNWANTED PERSON,7700 BLOCK OF SE 92ND AVE  PORTLAND  OR,16:42,45.4675084,-122.5682263,
1094766728310022144,2019-02-11T01:15:02Z,ROBBERY - PRIORITY *H at 2400 BLOCK OF SE 122ND AVE  PORTLAND  OR [Portland Police #PP19000046314] 17:07 #pdx911,False,1602852614,Portland Police log,pdxpolicelog,ROBBERY - PRIORITY *H,2400 BLOCK OF SE 122ND AVE  PORTLAND  OR,17:07,45.505043,-122.5376707,
1094766729224286208,2019-02-11T01:15:02Z,UNWANTED PERSON at 6500 BLOCK OF N MARYLAND AVE  PORTLAND  OR [Portland Police #PP19000046283] 16:29 #pdx911,False,1602852614,Portland Police log,pdxpolicelog,UNWANTED PERSON,6500 BLOCK OF N MARYLAND AVE  PORTLAND  OR,16:29,45.5699087,-122.6809669,
1094767733554569216,2019-02-11T01:19:02Z,DISTURBANCE - PRIORITY at 400 BLOCK OF NE 16TH AVE  PORTLAND  OR [Portland Police #PP19000046298] 16:48 #pdx911,False,1602852614,Portland Police log,pdxpolicelog,DISTURBANCE - PRIORITY,400 BLOCK OF NE 16TH AVE  PORTLAND  OR,16:48,45.5257409,-122.6495834,
1094767735236485120,2019-02-11T01:19:02Z,BURGLARY - COLD at 6800 BLOCK OF N ARMOUR ST  PORTLAND  OR [Portland Police #PP19000046258] 16:24 #pdx911,False,1602852614,Portland Police log,pdxpolicelog,BURGLARY - COLD,6800 BLOCK OF N ARMOUR ST  PORTLAND  OR,16:24,45.5983613,-122.7326683,
1094768238796234752,2019-02-11T01:21:02Z,THEFT - COLD at 1800 BLOCK OF NE 41ST AVE  PORTLAND  OR [Portland Police #PP19000046303] 17:03 #pdx911,False,1602852614,Portland Police log,pdxpolicelog,THEFT - COLD,1800 BLOCK OF NE 41ST AVE  PORTLAND  OR,17:03,45.5356829,-122.6209418,
1094768239702245376,2019-02-11T01:21:02Z,ACCIDENT - INJURY at 7200 BLOCK OF SW 5TH AVE  PORTLAND  OR [Portland Police #PP19000046257] 16:41 #pdx911,False,1602852614,Portland Police log,pdxpolicelog,ACCIDENT - INJURY,7200 BLOCK OF SW 5TH AVE  PORTLAND  OR,16:41,45.4721718,-122.6832338,
1094768993750048769,2019-02-11T01:24:02Z,ACCIDENT - HIT AND RUN - COLD at 1400 BLOCK OF NE 160TH AVE  PORTLAND  OR [Portland Police #PP19000046287] 16:43 #pdx911,False,1602852614,Portland Police log,pdxpolicelog,ACCIDENT - HIT AND RUN - COLD,1400 BLOCK OF NE 160TH AVE  PORTLAND  OR,16:43,45.5329634,-122.4979389,
1094769245236285440,2019-02-11T01:25:02Z,UNWANTED PERSON at 9700 BLOCK OF SE FOSTER RD  PORTLAND  OR [Portland Police #PP19000046322] 17:19 #pdx911,False,1602852614,Portland Police log,pdxpolicelog,UNWANTED PERSON,9700 BLOCK OF SE FOSTER RD  PORTLAND  OR,17:19,45.4783816,-122.5634309,
1094772513475710977,2019-02-11T01:38:01Z,THEFT - COLD at 1200 BLOCK OF NE 110TH AVE  PORTLAND  OR [Portland Police #PP19000046304] 16:57 #pdx911,False,1602852614,Portland Police log,pdxpolicelog,THEFT - COLD,1200 BLOCK OF NE 110TH AVE  PORTLAND  OR,16:57,45.5313239,-122.5490303,
1094772766161612800,2019-02-11T01:39:02Z,ANIMAL PROBLEM at 5600 BLOCK OF SE 87TH AVE  PORTLAND  OR [Portland Police #PP19000046321] 17:24 #pdx911,False,1602852614,Portland Police log,pdxpolicelog,ANIMAL PROBLEM,5600 BLOCK OF SE 87TH AVE  PORTLAND  OR,17:24,45.48225900000001,-122.5732438,
1094773268257488897,2019-02-11T01:41:01Z,UNWANTED PERSON at 8300 BLOCK OF NE ALBERTA ST  PORTLAND  OR [Portland Police #PP19000046312] 17:17 #pdx911,False,1602852614,Portland Police log,pdxpolicelog,UNWANTED PERSON,8300 BLOCK OF NE ALBERTA ST  PORTLAND  OR,17:17,45.5590613,-122.5775098,
1094773771439767552,2019-02-11T01:43:01Z,UNWANTED PERSON at 1000 BLOCK OF SW MORRISON ST  PORTLAND  OR [Portland Police #PP19000046333] 17:29 #pdx911,False,1602852614,Portland Police log,pdxpolicelog,UNWANTED PERSON,1000 BLOCK OF SW MORRISON ST  PORTLAND  OR,17:29,45.51994879999999,-122.6823622,
1094774278560444416,2019-02-11T01:45:02Z,SUSPICIOUS SUBJ  VEH  OR CIRCUMSTANCE at SE 83RD AVE / SE BUSH ST  PORTLAND  OR [Portland Police #PP19000046340] 17:39 #pdx911,False,1602852614,Portland Police log,pdxpolicelog,SUSPICIOUS SUBJ  VEH  OR CIRCUMSTANCE,SE 83RD AVE / SE BUSH ST  PORTLAND  OR,17:39,45.4948053,-122.5778535,
1094775789583626240,2019-02-11T01:51:02Z,THEFT - PRIORITY at 600 BLOCK OF SW ALDER ST  PORTLAND  OR [Portland Police #PP19000046301] 16:51 #pdx911,False,1602852614,Portland Police log,pdxpolicelog,THEFT - PRIORITY,600 BLOCK OF SW ALDER ST  PORTLAND  OR,16:51,45.5197629,-122.6783049,
1094776290589040640,2019-02-11T01:53:02Z,TRIMET INCIDENT - COLD at 200 BLOCK OF NW COUCH ST  PORTLAND  OR [Portland Police #PP19000046316] 17:09 #pdx911,False,1602852614,Portland Police log,pdxpolicelog,TRIMET INCIDENT - COLD,200 BLOCK OF NW COUCH ST  PORTLAND  OR,17:09,45.5238465,-122.6724168,
1094776292417855488,2019-02-11T01:53:02Z,RT @pdxpolicelog: TRIMET INCIDENT - COLD at 200 BLOCK OF NW COUCH ST  PORTLAND  OR [Portland Police #PP19000046316] 17:09 #pdx911,False,603958580,TriMet Scanner,trimetscanner,RT @pdxpolicelog: TRIMET INCIDENT - COLD,200 BLOCK OF NW COUCH ST  PORTLAND  OR,17:09,45.5238465,-122.6724168,
1094776793184137217,2019-02-11T01:55:02Z,UNWANTED PERSON at 400 BLOCK OF SW MORRISON ST  PORTLAND  OR [Portland Police #PP19000046291] 16:40 #pdx911,False,1602852614,Portland Police log,pdxpolicelog,UNWANTED PERSON,400 BLOCK OF SW MORRISON ST  PORTLAND  OR,16:40,45.5185492,-122.6765561,
1094779309728792576,2019-02-11T02:05:02Z,AREA CHECK at NE 8TH AVE / NE COUCH ST  PORTLAND  OR [Portland Police #PP19000046348] 17:53 #pdx911,False,1602852614,Portland Police log,pdxpolicelog,AREA CHECK,NE 8TH AVE / NE COUCH ST  PORTLAND  OR,17:53,45.523634,-122.6576674,
1094781324445986817,2019-02-11T02:13:02Z,THREAT - PRIORITY at NW GLISAN ST / NW 18TH AVE [Portland Police #PP19000046356] 17:57 #pdx911,False,1602852614,Portland Police log,pdxpolicelog,THREAT - PRIORITY,NW GLISAN ST / NW 18TH AVE,17:57,45.5263871,-122.6893446,
1094781825103187968,2019-02-11T02:15:01Z,THEFT - COLD at 9200 BLOCK OF SE SUNNYSIDE RD  CLACKAMAS COUNTY  OR [Portland Police #PP19000046367] 18:12 #pdx911,False,1602852614,Portland Police log,pdxpolicelog,THEFT - COLD,9200 BLOCK OF SE SUNNYSIDE RD  CLACKAMAS COUNTY  OR,18:12,45.43323179999999,-122.5713345,
1094807494461812736,2019-02-11T03:57:01Z,DISTURBANCE - PRIORITY at 9700 BLOCK OF NE EVERETT CT  PORTLAND  OR [Portland Police #PP19000046432] 19:29 #pdx911,False,1602852614,Portland Police log,pdxpolicelog,DISTURBANCE - PRIORITY,9700 BLOCK OF NE EVERETT CT  PORTLAND  OR,19:29,45.5250931,-122.5633585,
1094807998680059904,2019-02-11T03:59:02Z,VEHICLE STOLEN - COLD at 5400 BLOCK OF N ALBINA AVE  PORTLAND  OR [Portland Police #PP19000046446] 19:51 #pdx911,False,1602852614,Portland Police log,pdxpolicelog,VEHICLE STOLEN - COLD,5400 BLOCK OF N ALBINA AVE  PORTLAND  OR,19:51,45.56187,-122.674976,
1094808000345235456,2019-02-11T03:59:02Z,THEFT - COLD at 2200 BLOCK OF  LLOYD CENTER   PORTLAND  OR [Portland Police #PP19000046437] 19:32 #pdx911,False,1602852614,Portland Police log,pdxpolicelog,THEFT - COLD,2200 BLOCK OF  LLOYD CENTER   PORTLAND  OR,19:32,45.5316368,-122.6545218,
1094808003079897088,2019-02-11T03:59:03Z,TRIMET INCIDENT - PRIORITY at NE 15TH AVE / NE KILLINGSWORTH ST [Portland Police #PP19000046377] 18:21 #pdx911,False,1602852614,Portland Police log,pdxpolicelog,TRIMET INCIDENT - PRIORITY,NE 15TH AVE / NE KILLINGSWORTH ST,18:21,45.562722,-122.650075,
1094808004841504768,2019-02-11T03:59:03Z,RT @pdxpolicelog: TRIMET INCIDENT - PRIORITY at NE 15TH AVE / NE KILLINGSWORTH ST [Portland Police #PP19000046377] 18:21 #pdx911,False,603958580,TriMet Scanner,trimetscanner,RT @pdxpolicelog: TRIMET INCIDENT - PRIORITY,NE 15TH AVE / NE KILLINGSWORTH ST,18:21,45.562722,-122.650075,
1094808500427866114,2019-02-11T04:01:01Z,UNWANTED PERSON at 9700 BLOCK OF SE WASHINGTON ST  PORTLAND  OR [Portland Police #PP19000046442] 19:54 #pdx911,False,1602852614,Portland Police log,pdxpolicelog,UNWANTED PERSON,9700 BLOCK OF SE WASHINGTON ST  PORTLAND  OR,19:54,45.5183291,-122.5637014,
1094809003698221056,2019-02-11T04:03:01Z,THREAT - COLD at 15400 BLOCK OF SE DIVISION ST  PORTLAND  OR [Portland Police #PP19000046421] 19:58 #pdx911,False,1602852614,Portland Police log,pdxpolicelog,THREAT - COLD,15400 BLOCK OF SE DIVISION ST  PORTLAND  OR,19:58,45.5041693,-122.5045545,
1094809509145407488,2019-02-11T04:05:02Z,DISTURBANCE - PRIORITY at 1700 BLOCK OF SE 122ND AVE  PORTLAND  OR [Portland Police #PP19000046424] 19:17 #pdx911,False,1602852614,Portland Police log,pdxpolicelog,DISTURBANCE - PRIORITY,1700 BLOCK OF SE 122ND AVE  PORTLAND  OR,19:17,45.5115482,-122.5376824,
1094811022722969600,2019-02-11T04:11:03Z,AREA CHECK at 500 BLOCK OF NE COOK ST  PORTLAND  OR [Portland Police #PP19000046451] 19:46 #pdx911,False,1602852614,Portland Police log,pdxpolicelog,AREA CHECK,500 BLOCK OF NE COOK ST  PORTLAND  OR,19:46,45.546996,-122.6603842,
1094811521773756416,2019-02-11T04:13:02Z,UNWANTED PERSON at 8100 BLOCK OF SE POWELL BLVD  PORTLAND  OR [Portland Police #PP19000046456] 20:02 #pdx911,False,1602852614,Portland Police log,pdxpolicelog,UNWANTED PERSON,8100 BLOCK OF SE POWELL BLVD  PORTLAND  OR,20:02,45.497412,-122.5799665,
1094812024851247104,2019-02-11T04:15:02Z,UNWANTED PERSON at 11800 BLOCK OF NE HALSEY ST  PORTLAND  OR [Portland Police #PP19000046429] 19:27 #pdx911,False,1602852614,Portland Police log,pdxpolicelog,UNWANTED PERSON,11800 BLOCK OF NE HALSEY ST  PORTLAND  OR,19:27,45.5335259,-122.541769,
1094816053857677312,2019-02-11T04:31:02Z,DISTURBANCE - PRIORITY at 7400 BLOCK OF N INTERSTATE AVE  PORTLAND  OR [Portland Police #PP19000046466] 20:16 #pdx911,False,1602852614,Portland Police log,pdxpolicelog,DISTURBANCE - PRIORITY,7400 BLOCK OF N INTERSTATE AVE  PORTLAND  OR,20:16,45.5758444,-122.6810226,
1094816556930846720,2019-02-11T04:33:02Z,UNWANTED PERSON at 600 BLOCK OF SW ALDER ST  PORTLAND  OR [Portland Police #PP19000046453] 20:23 #pdx911,False,1602852614,Portland Police log,pdxpolicelog,UNWANTED PERSON,600 BLOCK OF SW ALDER ST  PORTLAND  OR,20:23,45.5197629,-122.6783049,
1094817561663856640,2019-02-11T04:37:02Z,ASSAULT - PRIORITY at 3500 BLOCK OF SE 11TH AVE  PORTLAND  OR [Portland Police #PP19000046454] 19:51 #pdx911,False,1602852614,Portland Police log,pdxpolicelog,ASSAULT - PRIORITY,3500 BLOCK OF SE 11TH AVE  PORTLAND  OR,19:51,45.497494,-122.6547708,
1094818317230006272,2019-02-11T04:40:02Z,SUSPICIOUS SUBJ  VEH  OR CIRCUMSTANCE at 10900 BLOCK OF NE WEIDLER ST  PORTLAND  OR [Portland Police #PP19000046461] 20:13 #pdx911,False,1602852614,Portland Police log,pdxpolicelog,SUSPICIOUS SUBJ  VEH  OR CIRCUMSTANCE,10900 BLOCK OF NE WEIDLER ST  PORTLAND  OR,20:13,45.5341469,-122.5507514,
1094818568540045312,2019-02-11T04:41:02Z,THREAT - COLD at 8700 BLOCK OF N TYNDALL AVE  PORTLAND  OR [Portland Police #PP19000046469] 20:19 #pdx911,False,1602852614,Portland Police log,pdxpolicelog,THREAT - COLD,8700 BLOCK OF N TYNDALL AVE  PORTLAND  OR,20:19,45.5851358,-122.6931643,
1094818569437630464,2019-02-11T04:41:02Z,VEHICLE STOLEN - COLD at NE 32ND AVE / NE SUMNER ST  PORTLAND  OR [Portland Police #PP19000046468] 20:14 #pdx911,False,1602852614,Portland Police log,pdxpolicelog,VEHICLE STOLEN - COLD,NE 32ND AVE / NE SUMNER ST  PORTLAND  OR,20:14,45.560296,-122.632769,
1094818570490408960,2019-02-11T04:41:02Z,UNWANTED PERSON at 900 BLOCK OF SE CESAR E CHAVEZ BLVD  PORTLAND  OR [Portland Police #PP19000046434] 19:38 #pdx911,False,1602852614,Portland Police log,pdxpolicelog,UNWANTED PERSON,900 BLOCK OF SE CESAR E CHAVEZ BLVD  PORTLAND  OR,19:38,45.5165308,-122.6229524,
1094818571446673408,2019-02-11T04:41:02Z,ACCIDENT - NON INJURY at NB I205 FWY NO / I84 FWY  PORTLAND  OR [Portland Police #PP19000046438] 19:34 #pdx911,False,1602852614,Portland Police log,pdxpolicelog,ACCIDENT - NON INJURY,NB I205 FWY NO / I84 FWY  PORTLAND  OR,19:34,45.5325002,-122.5649259,
1094820583907373058,2019-02-11T04:49:02Z,BURGLARY - PRIORITY *H at 800 BLOCK OF NE MASON ST  PORTLAND  OR [Portland Police #PP19000046478] 20:34 #pdx911,False,1602852614,Portland Police log,pdxpolicelog,BURGLARY - PRIORITY *H,800 BLOCK OF NE MASON ST  PORTLAND  OR,20:34,45.553296,-122.6576112,
1094820584997834752,2019-02-11T04:49:02Z,AREA CHECK at 6600 BLOCK OF SE STARK ST  PORTLAND  OR [Portland Police #PP19000046477] 20:33 #pdx911,False,1602852614,Portland Police log,pdxpolicelog,AREA CHECK,6600 BLOCK OF SE STARK ST  PORTLAND  OR,20:33,45.5190172,-122.5953886,
1094820585996148738,2019-02-11T04:49:03Z,ASSAULT - COLD at 3600 BLOCK OF NE SANDY BLVD  PORTLAND  OR [Portland Police #PP19000046474] 20:30 #pdx911,False,1602852614,Portland Police log,pdxpolicelog,ASSAULT - COLD,3600 BLOCK OF NE SANDY BLVD  PORTLAND  OR,20:30,45.5330099,-122.6267884,
1094821087408312320,2019-02-11T04:51:02Z,PREMISE CHECK at 2200 BLOCK OF  LLOYD CENTER   PORTLAND  OR [Portland Police #PP19000046457] 19:56 #pdx911,False,1602852614,Portland Police log,pdxpolicelog,PREMISE CHECK,2200 BLOCK OF  LLOYD CENTER   PORTLAND  OR,19:56,45.5316368,-122.6545218,
1094822092137086976,2019-02-11T04:55:02Z,DISTURBANCE - COLD at 0 SW 2ND AVE  PORTLAND  OR [Portland Police #PP19000046491] 20:44 #pdx911,False,1602852614,Portland Police log,pdxpolicelog,DISTURBANCE - COLD,0 SW 2ND AVE  PORTLAND  OR,20:44,45.5119976,-122.6777605,
1094822093168947200,2019-02-11T04:55:02Z,ACCIDENT - INJURY at NB I5 FWY SO / JANTZEN BEACH EXIT  PORTLAND  OR [Portland Police #PP19000046479] 20:35 #pdx911,False,1602852614,Portland Police log,pdxpolicelog,ACCIDENT - INJURY,NB I5 FWY SO / JANTZEN BEACH EXIT  PORTLAND  OR,20:35,45.613088,-122.6855219,
1094823601688039424,2019-02-11T05:01:02Z,UNWANTED PERSON at 9300 BLOCK OF SE STARK ST  PORTLAND  OR [Portland Police #PP19000046486] 20:43 #pdx911,False,1602852614,Portland Police log,pdxpolicelog,UNWANTED PERSON,9300 BLOCK OF SE STARK ST  PORTLAND  OR,20:43,45.5190574,-122.5674226,
1094824104937451520,2019-02-11T05:03:02Z,UNWANTED PERSON at 3900 BLOCK OF SE CESAR E CHAVEZ BLVD  PORTLAND  OR [Portland Police #PP19000046497] 20:48 #pdx911,False,1602852614,Portland Police log,pdxpolicelog,UNWANTED PERSON,3900 BLOCK OF SE CESAR E CHAVEZ BLVD  PORTLAND  OR,20:48,45.4947532,-122.6226291,
1094825614018662400,2019-02-11T05:09:01Z,DISTURBANCE - PRIORITY at SW COLLEGE ST / SW 4TH AVE [Portland Police #PP19000046508] 21:04 #pdx911,False,1602852614,Portland Police log,pdxpolicelog,DISTURBANCE - PRIORITY,SW COLLEGE ST / SW 4TH AVE,21:04,45.5092013,-122.681601,
1094825615469858816,2019-02-11T05:09:02Z,DISTURBANCE - PRIORITY at 2100 BLOCK OF NW IRVING ST  PORTLAND  OR [Portland Police #PP19000046498] 20:49 #pdx911,False,1602852614,Portland Police log,pdxpolicelog,DISTURBANCE - PRIORITY,2100 BLOCK OF NW IRVING ST  PORTLAND  OR,20:49,45.5277227,-122.6944722,
1094826116768980992,2019-02-11T05:11:01Z,HAZARD - HAZARDOUS CONDITION at NB I205 FWY AT / MP20 &amp; MARKET ST  PORTLAND  OR [Portland Police #PP19000046511] 21:07 #pdx911,False,1602852614,Portland Police log,pdxpolicelog,HAZARD - HAZARDOUS CONDITION,NB I205 FWY AT / MP20 &amp; MARKET ST  PORTLAND  OR,21:07,45.5113486,-122.5656637,
1094826118018785280,2019-02-11T05:11:02Z,VANDALISM - PRIORITY at 700 BLOCK OF N FREMONT ST  PORTLAND  OR [Portland Police #PP19000046489] 21:05 #pdx911,False,1602852614,Portland Police log,pdxpolicelog,VANDALISM - PRIORITY,700 BLOCK OF N FREMONT ST  PORTLAND  OR,21:05,45.5482114,-122.6734234,
1094826119209971712,2019-02-11T05:11:02Z,PREMISE CHECK at N HAYDEN ISLAND DR / N CENTER AVE  PORTLAND  OR [Portland Police #PP19000046499] 20:54 #pdx911,False,1602852614,Portland Police log,pdxpolicelog,PREMISE CHECK,N HAYDEN ISLAND DR / N CENTER AVE  PORTLAND  OR,20:54,45.6136858,-122.6796515,
1094826877062045696,2019-02-11T05:14:03Z,UNWANTED PERSON at 1200 BLOCK OF N ANCHOR WAY  PORTLAND  OR [Portland Police #PP19000046495] 20:54 #pdx911,False,1602852614,Portland Police log,pdxpolicelog,UNWANTED PERSON,1200 BLOCK OF N ANCHOR WAY  PORTLAND  OR,20:54,45.6036507,-122.6796469,
1094829136739106817,2019-02-11T05:23:01Z,HAZARD - HAZARDOUS CONDITION at 1800 BLOCK OF SE 162ND AVE  PORTLAND  OR [Portland Police #PP19000046507] 21:04 #pdx911,False,1602852614,Portland Police log,pdxpolicelog,HAZARD - HAZARDOUS CONDITION,1800 BLOCK OF SE 162ND AVE  PORTLAND  OR,21:04,45.5100108,-122.4960691,
